"http://yago-knowledge.org/resource/Spring_Garden_(Laurel,_Delaware)"
http://yago-knowledge.org/resource/Key_Biscayne
http://yago-knowledge.org/resource/WDCZ
http://yago-knowledge.org/resource/Samuel_R._Murphy_House
"http://yago-knowledge.org/resource/Kelso,_Washington"
http://yago-knowledge.org/resource/North_Central_Florida
http://yago-knowledge.org/resource/KTVA
http://yago-knowledge.org/resource/WFCN
http://yago-knowledge.org/resource/Hankinson–Moreau–Covenhoven_House
http://yago-knowledge.org/resource/KMCH
http://yago-knowledge.org/resource/WMCH
"http://yago-knowledge.org/resource/Kit_Carson_County,_Colorado"
http://yago-knowledge.org/resource/WSBB_(AM)
http://yago-knowledge.org/resource/Linworth_Alternative_Program
http://yago-knowledge.org/resource/KTOO_(FM)
http://yago-knowledge.org/resource/Pasadena_Convention_Center
http://yago-knowledge.org/resource/Hawkeye_Insurance_Company_Building
"http://yago-knowledge.org/resource/Nulltown,_Indiana"
http://yago-knowledge.org/resource/African_American_Museum_in_Philadelphia
"http://yago-knowledge.org/resource/Steuben,_Maine"
"http://yago-knowledge.org/resource/Clintonville,_Alabama"
http://yago-knowledge.org/resource/Toof_Building
"http://yago-knowledge.org/resource/Hampton_Hills,_New_Jersey"
"http://yago-knowledge.org/resource/Johnsonville,_Illinois"
http://yago-knowledge.org/resource/Forester's_Hall
http://yago-knowledge.org/resource/Essex_Town_Hall_and_TOHP_Burnham_Library
http://yago-knowledge.org/resource/Church_Street_Graveyard
"http://yago-knowledge.org/resource/Raleigh,_Georgia"
http://yago-knowledge.org/resource/Cary_Village_Site
"http://yago-knowledge.org/resource/Clinton,_Utah"
http://yago-knowledge.org/resource/Southeast_Arkansas_College
http://yago-knowledge.org/resource/Forest_Lawn_Cemetery_(Buffalo)
"http://yago-knowledge.org/resource/Beale,_West_Virginia"
"http://yago-knowledge.org/resource/Stella,_Nebraska"
http://yago-knowledge.org/resource/Main_Channel_Bridge_(Winona)
"http://yago-knowledge.org/resource/Gordon_House_(Silverton,_Oregon)"
http://yago-knowledge.org/resource/Cornplanter_State_Forest
http://yago-knowledge.org/resource/Lars_and_Christina_Olsen_House
http://yago-knowledge.org/resource/Black_Bear_Creek
"http://yago-knowledge.org/resource/Oil_Creek_(San_Mateo_County,_California)"
"http://yago-knowledge.org/resource/First_United_Methodist_Church_(Chariton,_Iowa)"
http://yago-knowledge.org/resource/Clarendon_School
http://yago-knowledge.org/resource/KBHI
"http://yago-knowledge.org/resource/Bretton_Woods,_New_Hampshire"
"http://yago-knowledge.org/resource/Maud,_Colbert_County,_Alabama"
http://yago-knowledge.org/resource/Calico_Peaks
http://yago-knowledge.org/resource/Freehold_Regional_High_School_District
"http://yago-knowledge.org/resource/Midway,_Knox_County,_Tennessee"
http://yago-knowledge.org/resource/Ohio_State_Route_347
"http://yago-knowledge.org/resource/Hunting,_Wisconsin"
"http://yago-knowledge.org/resource/Purley,_North_Carolina"
http://yago-knowledge.org/resource/Florence_Public_School_District_One
http://yago-knowledge.org/resource/Yakima_Ridge
http://yago-knowledge.org/resource/KRAI-FM
"http://yago-knowledge.org/resource/Delaware_Township,_Polk_County,_Iowa"
http://yago-knowledge.org/resource/Luther_Burbank_Center_for_the_Arts
http://yago-knowledge.org/resource/Winebrenner_Run
"http://yago-knowledge.org/resource/Adamsville,_Texas"
http://yago-knowledge.org/resource/Tuluksak_Airport
http://yago-knowledge.org/resource/KVLO
"http://yago-knowledge.org/resource/Maeser,_Utah"
"http://yago-knowledge.org/resource/Piedra,_California"
"http://yago-knowledge.org/resource/Western_precinct,_Somerset_County,_New_Jersey"
http://yago-knowledge.org/resource/Rosamond_Gifford_Zoo
http://yago-knowledge.org/resource/Meadow_Valley_Mountains
http://yago-knowledge.org/resource/Catawba_Nuclear_Station
"http://yago-knowledge.org/resource/Merchants_and_Planters_Bank_(Clarendon,_Arkansas)"
"http://yago-knowledge.org/resource/Paramore_Hill,_Georgia"
http://yago-knowledge.org/resource/Hanover_Junction_Railroad_Station
http://yago-knowledge.org/resource/Greene_County_Courthouse_(Missouri)
"http://yago-knowledge.org/resource/Lone_Rock,_Juneau_County,_Wisconsin"
"http://yago-knowledge.org/resource/Louisville,_Maryland"
"http://yago-knowledge.org/resource/Homer,_Louisiana"
http://yago-knowledge.org/resource/Charleston_Historic_District
"http://yago-knowledge.org/resource/Cove_Neck,_New_York"
"http://yago-knowledge.org/resource/Airport_Expressway_(Fort_Wayne,_Indiana)"
http://yago-knowledge.org/resource/KCYN
http://yago-knowledge.org/resource/Huron_Meadows_Metropark
"http://yago-knowledge.org/resource/Northern_Pacific_Railway_Depot_(Miles_City,_Montana)"
"http://yago-knowledge.org/resource/Inmans,_California"
http://yago-knowledge.org/resource/Wells_Municipal_Airport_(Minnesota)
"http://yago-knowledge.org/resource/Oak_Hill_(Delaplane,_Virginia)"
http://yago-knowledge.org/resource/Adair_County_Courthouse_(Oklahoma)
http://yago-knowledge.org/resource/KQUL
"http://yago-knowledge.org/resource/Shoal_Creek,_Alabama"
http://yago-knowledge.org/resource/Rockland_Community_Church_and_Cemetery
"http://yago-knowledge.org/resource/Bartelme,_Wisconsin"
http://yago-knowledge.org/resource/Braxton_County_Schools
"http://yago-knowledge.org/resource/Duplex,_Texas"
"http://yago-knowledge.org/resource/De_Soto,_Kansas"
"http://yago-knowledge.org/resource/Schoolhouse_Point,_Washington"
http://yago-knowledge.org/resource/Cucomungo_Mountains
"http://yago-knowledge.org/resource/Salt_Creek_Township,_Franklin_County,_Indiana"
http://yago-knowledge.org/resource/Knights_of_Wise_Men_Lodge
http://yago-knowledge.org/resource/Old_Gym
"http://yago-knowledge.org/resource/Buffalo,_Anderson_County,_Tennessee"
http://yago-knowledge.org/resource/Erie_International_Airport
http://yago-knowledge.org/resource/University_of_Hartford
http://yago-knowledge.org/resource/Thompson_Home
"http://yago-knowledge.org/resource/Oviedo,_Florida"
http://yago-knowledge.org/resource/WTKS_(AM)
"http://yago-knowledge.org/resource/Sell,_West_Virginia"
http://yago-knowledge.org/resource/Lake_Ming
"http://yago-knowledge.org/resource/Edgewood_Historic_District_(Venice,_Florida)"
"http://yago-knowledge.org/resource/Park_City,_Montana"
"http://yago-knowledge.org/resource/Winthrop,_Indiana"
"http://yago-knowledge.org/resource/Jackson_House_(Newton,_Massachusetts)"
http://yago-knowledge.org/resource/Trump_Plaza_(Jersey_City)
"http://yago-knowledge.org/resource/Smiley,_Texas"
http://yago-knowledge.org/resource/Snider_Creek_Airport
"http://yago-knowledge.org/resource/Braceville_Township,_Grundy_County,_Illinois"
"http://yago-knowledge.org/resource/Glover,_Missouri"
http://yago-knowledge.org/resource/Bethany_College_(West_Virginia)
http://yago-knowledge.org/resource/Mississippi_Highway_366_(Prentiss_County)
http://yago-knowledge.org/resource/Menehune_Fishpond
"http://yago-knowledge.org/resource/New_Union,_Alabama"
http://yago-knowledge.org/resource/Historic_Arkansas_Museum
"http://yago-knowledge.org/resource/Ithaca,_Nebraska"
"http://yago-knowledge.org/resource/Chatsworth_Township,_Livingston_County,_Illinois"
"http://yago-knowledge.org/resource/Greenbriar,_Virginia"
http://yago-knowledge.org/resource/Buldir_Island
"http://yago-knowledge.org/resource/Richland_Township,_Missaukee_County,_Michigan"
http://yago-knowledge.org/resource/Latouche_Island
"http://yago-knowledge.org/resource/Ida_Township,_Michigan"
http://yago-knowledge.org/resource/KCTQ-LP
"http://yago-knowledge.org/resource/Fairbanks_House_(Fernandina_Beach,_Florida)"
http://yago-knowledge.org/resource/Hager_Mountain
http://yago-knowledge.org/resource/Valhalla_Union_Free_School_District
http://yago-knowledge.org/resource/Baptist_Health_System_School_of_Health_Professions
"http://yago-knowledge.org/resource/Dispatch,_Kansas"
http://yago-knowledge.org/resource/Labette_Formation
http://yago-knowledge.org/resource/The_Blasting_Room
"http://yago-knowledge.org/resource/Reynoldsburg,_Ohio"
"http://yago-knowledge.org/resource/Crocker_Highlands,_Oakland,_California"
"http://yago-knowledge.org/resource/Gull_Lake,_Wisconsin"
"http://yago-knowledge.org/resource/Galvin,_Washington"
http://yago-knowledge.org/resource/Indianapolis_Athletic_Club
"http://yago-knowledge.org/resource/Ottertail,_Minnesota"
http://yago-knowledge.org/resource/Illinois_Route_96
http://yago-knowledge.org/resource/Montgomery_County_Courthouse_(Iowa)
"http://yago-knowledge.org/resource/Elysburg,_Pennsylvania"
"http://yago-knowledge.org/resource/Dry_Run,_West_Virginia"
http://yago-knowledge.org/resource/Ferry_Farm
http://yago-knowledge.org/resource/WMBH
"http://yago-knowledge.org/resource/Medway,_Massachusetts"
"http://yago-knowledge.org/resource/Peru,_Nebraska"
"http://yago-knowledge.org/resource/Gleason,_Tennessee"
http://yago-knowledge.org/resource/Andrews_Arboretum
http://yago-knowledge.org/resource/University_of_Washington_station
http://yago-knowledge.org/resource/Oak_Hill_Methodist_Episcopal_Church
http://yago-knowledge.org/resource/Louisiana_Highway_1075
"http://yago-knowledge.org/resource/Wayne_County,_Indiana"
http://yago-knowledge.org/resource/Aurora_Hospital
http://yago-knowledge.org/resource/Test_Building
http://yago-knowledge.org/resource/Riverside_Sports_Complex
http://yago-knowledge.org/resource/WTAY
"http://yago-knowledge.org/resource/Dry_Fork,_Pittsylvania_County,_Virginia"
"http://yago-knowledge.org/resource/Stanley,_Iowa"
http://yago-knowledge.org/resource/Perrine's_Bridge
http://yago-knowledge.org/resource/Morse–Tay–Leland–Hawes_House
"http://yago-knowledge.org/resource/Prosper,_North_Dakota"
"http://yago-knowledge.org/resource/Oakley,_Indiana"
http://yago-knowledge.org/resource/Main_Street_Banking_Historic_District
http://yago-knowledge.org/resource/Rippleton_Schoolhouse
http://yago-knowledge.org/resource/Revolution_Cotton_Mills
"http://yago-knowledge.org/resource/Alma,_Kansas"
"http://yago-knowledge.org/resource/Kanawha_County,_West_Virginia"
"http://yago-knowledge.org/resource/Kingston_Bridge_(Kingston,_New_Jersey)"
"http://yago-knowledge.org/resource/Cajah's_Mountain,_North_Carolina"
"http://yago-knowledge.org/resource/Bellmore,_Indiana"
"http://yago-knowledge.org/resource/First_Methodist_Episcopal_Church_(Trinidad,_Colorado)"
"http://yago-knowledge.org/resource/United_Presbyterian_Church_and_Rectory_(Albany,_Oregon)"
"http://yago-knowledge.org/resource/Bartlett,_Iowa"
"http://yago-knowledge.org/resource/Bellaire,_Michigan"
"http://yago-knowledge.org/resource/Dollar_Point,_California"
"http://yago-knowledge.org/resource/Dixon,_Greene_County,_Indiana"
"http://yago-knowledge.org/resource/Newark,_New_Jersey"
"http://yago-knowledge.org/resource/Rehoboth,_New_Mexico"
"http://yago-knowledge.org/resource/Saul,_Kentucky"
http://yago-knowledge.org/resource/WWAX
"http://yago-knowledge.org/resource/Big_Creek_Township,_Ozark_County,_Missouri"
http://yago-knowledge.org/resource/Murrill_Hill
http://yago-knowledge.org/resource/Washington_Street_station_(Illinois)
"http://yago-knowledge.org/resource/Suttons_Bay_Township,_Michigan"
http://yago-knowledge.org/resource/Silver_Spring_Library
http://yago-knowledge.org/resource/Big_Lake_(Missouri)
"http://yago-knowledge.org/resource/Scipio,_Indiana"
"http://yago-knowledge.org/resource/Cherry_Hill,_Prince_William_County,_Virginia"
http://yago-knowledge.org/resource/Lake_Mason_National_Wildlife_Refuge
http://yago-knowledge.org/resource/Naval_Surface_Warfare_Center
"http://yago-knowledge.org/resource/Lake_Cherokee,_Texas"
"http://yago-knowledge.org/resource/Richland_Township,_Carroll_County,_Iowa"
"http://yago-knowledge.org/resource/Hoyt,_Kansas"
http://yago-knowledge.org/resource/Betsy_Branch
http://yago-knowledge.org/resource/South_Florida
http://yago-knowledge.org/resource/Salmon_Brook_(Merrimack_River_tributary)
"http://yago-knowledge.org/resource/Geneva_Township,_Kane_County,_Illinois"
http://yago-knowledge.org/resource/Fitchburg_State_University
http://yago-knowledge.org/resource/Jacob_Nicholas_House
http://yago-knowledge.org/resource/Titus_Hill
http://yago-knowledge.org/resource/Appletree_Cove
"http://yago-knowledge.org/resource/Dempsey,_West_Virginia"
http://yago-knowledge.org/resource/Numbered_highways_in_Indiana
http://yago-knowledge.org/resource/New_Mexico_State_Road_162
http://yago-knowledge.org/resource/Rattlesnake_Creek_(Ohio)
http://yago-knowledge.org/resource/Georgetown_Fire_House_and_Old_City_Hall
http://yago-knowledge.org/resource/New_ASU_Stadium
"http://yago-knowledge.org/resource/Kernell,_California"
http://yago-knowledge.org/resource/West_Winds
http://yago-knowledge.org/resource/Station_Fire_Memorial_Park
http://yago-knowledge.org/resource/Garfield_station_(CTA_Green_Line)
"http://yago-knowledge.org/resource/Brookwood,_Alabama"
http://yago-knowledge.org/resource/Garrett_Memorial_Chapel
http://yago-knowledge.org/resource/Rowe-Lant_Farm
"http://yago-knowledge.org/resource/Olivesburg,_Ohio"
http://yago-knowledge.org/resource/Offutt_Field
"http://yago-knowledge.org/resource/Murvaul,_Texas"
http://yago-knowledge.org/resource/Harry_S._Truman_Little_White_House
http://yago-knowledge.org/resource/Cowboy_Field_(Texas)
"http://yago-knowledge.org/resource/Red_Mesa,_Arizona"
http://yago-knowledge.org/resource/Battery_Garesche
http://yago-knowledge.org/resource/West_New_York_School_District
http://yago-knowledge.org/resource/Jacob_Isett_House_and_Store
"http://yago-knowledge.org/resource/Kismet,_California"
http://yago-knowledge.org/resource/Texas_State_Highway_102
http://yago-knowledge.org/resource/Simon_Kenton_Memorial_Bridge
http://yago-knowledge.org/resource/Ontario_Peak
http://yago-knowledge.org/resource/WICB
http://yago-knowledge.org/resource/Lake_County_Courthouse_and_Sheriff's_Residence
http://yago-knowledge.org/resource/KYOM-LP
"http://yago-knowledge.org/resource/Minden,_Wisconsin"
http://yago-knowledge.org/resource/Cow_Creek_(Kansas)
http://yago-knowledge.org/resource/WUBT
http://yago-knowledge.org/resource/The_Shelter_(Detroit)
http://yago-knowledge.org/resource/KOFG
"http://yago-knowledge.org/resource/Cave_City,_Missouri"
http://yago-knowledge.org/resource/WKKC
http://yago-knowledge.org/resource/Flint_Hills_Technical_College
http://yago-knowledge.org/resource/Charles_M._Schulz–Sonoma_County_Airport
http://yago-knowledge.org/resource/Ski_Lift_No._1
http://yago-knowledge.org/resource/River_Oaks_Country_Club
http://yago-knowledge.org/resource/Playboy_Mansion
"http://yago-knowledge.org/resource/Deer_Creek_Township,_Tazewell_County,_Illinois"
"http://yago-knowledge.org/resource/Carmel_Valley_Village,_California"
http://yago-knowledge.org/resource/George_Hummel_House
http://yago-knowledge.org/resource/Round_Pond_(Connecticut)
http://yago-knowledge.org/resource/Right_Fork_Little_Kanawha_River
"http://yago-knowledge.org/resource/Elmodel,_Georgia"
"http://yago-knowledge.org/resource/Strawbridge_and_Clothier_Store,_Jenkintown"
"http://yago-knowledge.org/resource/Cove,_Oregon"
http://yago-knowledge.org/resource/WTXT
"http://yago-knowledge.org/resource/Union_Station_(Chatham,_New_York)"
http://yago-knowledge.org/resource/Tenmile_River_station
http://yago-knowledge.org/resource/Time_Flies_Private_Heliport
http://yago-knowledge.org/resource/WUNT
"http://yago-knowledge.org/resource/Sprouses_Corner,_Virginia"
"http://yago-knowledge.org/resource/South_Hooksett,_New_Hampshire"
"http://yago-knowledge.org/resource/St._Ann's_Episcopal_Church_(Nashville,_Tennessee)"
http://yago-knowledge.org/resource/St._Charles_Community_Unit_School_District_303
"http://yago-knowledge.org/resource/West_Lima,_Wisconsin"
http://yago-knowledge.org/resource/Dennis_F._Cantrell_Field
http://yago-knowledge.org/resource/Governor's_Bridge_(Patuxent_River)
http://yago-knowledge.org/resource/KUAZ
http://yago-knowledge.org/resource/Willingway_Hospital
"http://yago-knowledge.org/resource/Campton,_Georgia"
http://yago-knowledge.org/resource/Fairfield_City_Schools
http://yago-knowledge.org/resource/John_Banta_House
http://yago-knowledge.org/resource/Loop_Retail_Historic_District
http://yago-knowledge.org/resource/Worthington_State_Forest
"http://yago-knowledge.org/resource/Germantown,_Iowa"
http://yago-knowledge.org/resource/Isaacs_Creek_(Missouri)
"http://yago-knowledge.org/resource/Snells,_Wisconsin"
http://yago-knowledge.org/resource/Bellows_Air_Force_Station
http://yago-knowledge.org/resource/WKKS-FM
http://yago-knowledge.org/resource/Anahuac_Formation
"http://yago-knowledge.org/resource/Volney,_New_York"
"http://yago-knowledge.org/resource/Lakes_of_Parkway,_Houston"
http://yago-knowledge.org/resource/KGED
http://yago-knowledge.org/resource/Meriden_Markham_Municipal_Airport
http://yago-knowledge.org/resource/Aurora_Village–Wells_College_Historic_District
"http://yago-knowledge.org/resource/Kopperston,_West_Virginia"
"http://yago-knowledge.org/resource/Togiak,_Alaska"
"http://yago-knowledge.org/resource/Deanville,_Texas"
http://yago-knowledge.org/resource/1700_Market
"http://yago-knowledge.org/resource/York_Lodge_(Cazenovia,_New_York)"
http://yago-knowledge.org/resource/Adams_County_Courthouse_(Iowa)
"http://yago-knowledge.org/resource/South_Henderson,_North_Carolina"
http://yago-knowledge.org/resource/New_Albany_High_School_(Ohio)
http://yago-knowledge.org/resource/Spaulding_Rehabilitation_Hospital_Cape_Cod
"http://yago-knowledge.org/resource/Tuolumne_City,_Stanislaus_County,_California"
"http://yago-knowledge.org/resource/Higginson,_Arkansas"
http://yago-knowledge.org/resource/WKSE
"http://yago-knowledge.org/resource/Church_of_the_Assumption_(Pocatello,_Idaho)"
http://yago-knowledge.org/resource/Freeman-Felker_House
"http://yago-knowledge.org/resource/Strausstown,_Pennsylvania"
"http://yago-knowledge.org/resource/Skree_Township,_Clay_County,_Minnesota"
http://yago-knowledge.org/resource/Cornwall_Town_Hall
http://yago-knowledge.org/resource/Fusion_Arena
"http://yago-knowledge.org/resource/Loch_Lomond,_California"
"http://yago-knowledge.org/resource/Colmar,_Kentucky"
"http://yago-knowledge.org/resource/Tete_Des_Morts_Township,_Jackson_County,_Iowa"
"http://yago-knowledge.org/resource/Spring_Hill_(Mobile,_Alabama)"
"http://yago-knowledge.org/resource/Woodland,_Mississippi"
http://yago-knowledge.org/resource/Johnson-Sauk_Trail_State_Recreation_Area
"http://yago-knowledge.org/resource/Perkinston,_Mississippi"
http://yago-knowledge.org/resource/Two_Medicine_River
http://yago-knowledge.org/resource/The_King's_University_(Texas)
"http://yago-knowledge.org/resource/Stanley_Park_(Westfield,_Massachusetts)"
http://yago-knowledge.org/resource/Oliver_Branch
"http://yago-knowledge.org/resource/Ballena,_California"
"http://yago-knowledge.org/resource/Harmon,_Oklahoma"
http://yago-knowledge.org/resource/Diamond_Creek_(Arizona)
"http://yago-knowledge.org/resource/Barley_Sheaf,_New_Jersey"
http://yago-knowledge.org/resource/Louisiana_Highway_69
"http://yago-knowledge.org/resource/Niles,_North_Dakota"
http://yago-knowledge.org/resource/Carson_City_Civic_Auditorium
"http://yago-knowledge.org/resource/Benton,_New_York"
http://yago-knowledge.org/resource/Beall's_Pleasure
"http://yago-knowledge.org/resource/Fairfield_Crest,_Delaware"
http://yago-knowledge.org/resource/Metcalf_South_Shopping_Center
http://yago-knowledge.org/resource/Belmont_Avenue_Bridge_in_Philadelphia
"http://yago-knowledge.org/resource/Chrysotile,_Arizona"
http://yago-knowledge.org/resource/Ward_House_(Seattle)
http://yago-knowledge.org/resource/WKQW-FM
"http://yago-knowledge.org/resource/Lansdowne,_Pennsylvania"
"http://yago-knowledge.org/resource/Deers,_Illinois"
http://yago-knowledge.org/resource/Gariveh
http://yago-knowledge.org/resource/Savojbolagh_County
"http://yago-knowledge.org/resource/Kola_Gar_Sara,_Babol"
"http://yago-knowledge.org/resource/Cheshmeh_Sefid,_Firuzabad"
"http://yago-knowledge.org/resource/Seyfabad,_Bijar"
"http://yago-knowledge.org/resource/Soltanabad,_Chaharmahal_and_Bakhtiari"
http://yago-knowledge.org/resource/Idahlu-ye_Khan
http://yago-knowledge.org/resource/Anjir_Darmian
http://yago-knowledge.org/resource/Qezel_Cheshmeh
http://yago-knowledge.org/resource/Gomn
http://yago-knowledge.org/resource/Qarah_Nav
http://yago-knowledge.org/resource/Choghabur-e_Kaki
http://yago-knowledge.org/resource/Chadegan
http://yago-knowledge.org/resource/Jowzam_Rural_District
http://yago-knowledge.org/resource/Kal_Kabud
http://yago-knowledge.org/resource/Laderaz
http://yago-knowledge.org/resource/Raz_Kenar
http://yago-knowledge.org/resource/Shaghuz_Kaleh
http://yago-knowledge.org/resource/Moasseseh-ye_Hajj_Ahmad
http://yago-knowledge.org/resource/Menareh_Bazar
http://yago-knowledge.org/resource/Charmaleh-ye_Sofla
http://yago-knowledge.org/resource/Basab
http://yago-knowledge.org/resource/Bala_Hashtal
"http://yago-knowledge.org/resource/Nargesi,_Bushehr"
"http://yago-knowledge.org/resource/Abbas_Kola,_Chalus"
http://yago-knowledge.org/resource/Emamzadeh_Askar
"http://yago-knowledge.org/resource/Ahmadabad,_Dorud"
http://yago-knowledge.org/resource/Qarkhotlu
http://yago-knowledge.org/resource/Sheykh_Makan
"http://yago-knowledge.org/resource/Dehshir,_Yazd"
"http://yago-knowledge.org/resource/Qojur,_West_Azerbaijan"
http://yago-knowledge.org/resource/Darabad-e_Shahzadeh
"http://yago-knowledge.org/resource/Bandan,_Nehbandan"
http://yago-knowledge.org/resource/Gol_Khandan-e_Jadid
http://yago-knowledge.org/resource/Sarut
http://yago-knowledge.org/resource/Cham_Quleh
http://yago-knowledge.org/resource/Sibon
http://yago-knowledge.org/resource/Bilazh_Mahalleh
http://yago-knowledge.org/resource/Tiksar
"http://yago-knowledge.org/resource/Kiai,_Iran"
http://yago-knowledge.org/resource/Atarabad
"http://yago-knowledge.org/resource/Karimabad,_Kuhbanan"
http://yago-knowledge.org/resource/Mollah_Karamineh
http://yago-knowledge.org/resource/Tanbu
http://yago-knowledge.org/resource/Shurja
http://yago-knowledge.org/resource/Dim_Qeshlaq-e_Olya
http://yago-knowledge.org/resource/Bonkuy-e_Heydari
http://yago-knowledge.org/resource/Sar_Cheshmeh-ye_Sofla
"http://yago-knowledge.org/resource/Zamenabad,_Isfahan"
http://yago-knowledge.org/resource/Band_Dalaver
http://yago-knowledge.org/resource/Mowr-e_Gur
"http://yago-knowledge.org/resource/Shirakan,_Anzal"
"http://yago-knowledge.org/resource/Hasan_Kandi,_Poldasht"
"http://yago-knowledge.org/resource/Moqanak,_Tehran"
http://yago-knowledge.org/resource/Ashtargarden
http://yago-knowledge.org/resource/Qaratureh_Rural_District
"http://yago-knowledge.org/resource/Bidmeshk,_Sarbisheh"
http://yago-knowledge.org/resource/Jarqavieh_Olya_District
"http://yago-knowledge.org/resource/Chahargah,_Kermanshah"
http://yago-knowledge.org/resource/Aqdarreh-ye_Olya
http://yago-knowledge.org/resource/Kalak_Bisheh-ye_Asad
http://yago-knowledge.org/resource/Kordasht
"http://yago-knowledge.org/resource/Zarrin_Jub,_Kermanshah"
http://yago-knowledge.org/resource/Dimah_Mil_Olya
http://yago-knowledge.org/resource/Sargar_Kuh-e_Panbeh
http://yago-knowledge.org/resource/Omm_ol_Qasab
http://yago-knowledge.org/resource/Sehri
http://yago-knowledge.org/resource/Dahaneh-ye_Heydari
"http://yago-knowledge.org/resource/Hajji_Kandi,_West_Azerbaijan"
"http://yago-knowledge.org/resource/Cheshmeh,_Bushehr"
http://yago-knowledge.org/resource/Zahedan_railway_station
http://yago-knowledge.org/resource/Halhal-e_Sofla
http://yago-knowledge.org/resource/Furija
http://yago-knowledge.org/resource/Sarney-ye_Ashub
http://yago-knowledge.org/resource/Cheshmeh_Chenar-e_Tang_Sorkh
http://yago-knowledge.org/resource/Tut-e_Khvoshadul
"http://yago-knowledge.org/resource/Palanglu,_Germi"
http://yago-knowledge.org/resource/Khorgam_Rural_District
http://yago-knowledge.org/resource/Hati_Rural_District
http://yago-knowledge.org/resource/Dashtesare_Sofla_Rural_District
"http://yago-knowledge.org/resource/Dehi,_Mazandaran"
http://yago-knowledge.org/resource/Emamzadeh_Zualfaqar
"http://yago-knowledge.org/resource/Mazhan,_Iran"
"http://yago-knowledge.org/resource/Deh-e_Now,_Sabzevar"
http://yago-knowledge.org/resource/Mirud
http://yago-knowledge.org/resource/Azarsi-ye_Taskanu
http://yago-knowledge.org/resource/Lubusz_Voivodeship
http://yago-knowledge.org/resource/Brzozy
"http://yago-knowledge.org/resource/Pawłowo,_Rawicz_County"
http://yago-knowledge.org/resource/Kurowszczyzna
http://yago-knowledge.org/resource/Michałów-Grabina
http://yago-knowledge.org/resource/Tołoczki_Wielkie
http://yago-knowledge.org/resource/Racibórz_County
"http://yago-knowledge.org/resource/Witków,_Świdnica_County"
"http://yago-knowledge.org/resource/Cisza,_Łódź_Voivodeship"
http://yago-knowledge.org/resource/Przeździecko-Dworaki
"http://yago-knowledge.org/resource/Regulice,_Lesser_Poland_Voivodeship"
http://yago-knowledge.org/resource/Niewiatrowice
http://yago-knowledge.org/resource/National_Heritage_Board_of_Poland
"http://yago-knowledge.org/resource/Trębaczew,_Rawa_County"
"http://yago-knowledge.org/resource/Załęże,_Kartuzy_County"
http://yago-knowledge.org/resource/Wólka_Wojnowska
"http://yago-knowledge.org/resource/Kalinowo,_Ostrów_Mazowiecka_County"
"http://yago-knowledge.org/resource/Sikórz,_Kuyavian-Pomeranian_Voivodeship"
http://yago-knowledge.org/resource/Książki
http://yago-knowledge.org/resource/Osiecza_Druga
"http://yago-knowledge.org/resource/Mała_Wieś,_Lesser_Poland_Voivodeship"
http://yago-knowledge.org/resource/Wawrzęcice
"http://yago-knowledge.org/resource/Lubień,_Lower_Silesian_Voivodeship"
http://yago-knowledge.org/resource/Późna
http://yago-knowledge.org/resource/Karczewice
http://yago-knowledge.org/resource/Gmina_Praszka
"http://yago-knowledge.org/resource/Murowaniec,_Masovian_Voivodeship"
http://yago-knowledge.org/resource/Hołudza
http://yago-knowledge.org/resource/Włynice
"http://yago-knowledge.org/resource/Władysławów,_Rawa_County"
http://yago-knowledge.org/resource/Leszno_railway_station
http://yago-knowledge.org/resource/Poganice
"http://yago-knowledge.org/resource/Turzyniec,_West_Pomeranian_Voivodeship"
"http://yago-knowledge.org/resource/Dłużec,_Lower_Silesian_Voivodeship"
http://yago-knowledge.org/resource/Chełmek_Wołowski
http://yago-knowledge.org/resource/Żłobek_Duży
http://yago-knowledge.org/resource/Suski_Młynek
http://yago-knowledge.org/resource/Rawica_Stara
http://yago-knowledge.org/resource/Nieżychówko
http://yago-knowledge.org/resource/Rochal
"http://yago-knowledge.org/resource/Grabnik,_Gmina_Krasnobród"
"http://yago-knowledge.org/resource/Wola_Mała,_Lublin_Voivodeship"
http://yago-knowledge.org/resource/Darnawa
http://yago-knowledge.org/resource/Działoszyn
http://yago-knowledge.org/resource/Rozłęka
"http://yago-knowledge.org/resource/Marianki,_Świecie_County"
http://yago-knowledge.org/resource/Goleńsko
"http://yago-knowledge.org/resource/Dziedzice,_Krapkowice_County"
"http://yago-knowledge.org/resource/Porąbki,_Opole_Voivodeship"
"http://yago-knowledge.org/resource/Łęczyca,_Lublin_Voivodeship"
http://yago-knowledge.org/resource/Otmice
"http://yago-knowledge.org/resource/Sadków,_Masovian_Voivodeship"
"http://yago-knowledge.org/resource/Jeziernik,_Człuchów_County"
http://yago-knowledge.org/resource/Alexander_Timm_House
http://yago-knowledge.org/resource/Bedlenki
"http://yago-knowledge.org/resource/Nowa_Wieś,_Kraków_County"
http://yago-knowledge.org/resource/Łazienki_Park
http://yago-knowledge.org/resource/National_Bank_of_Poland_building_in_Bydgoszcz
"http://yago-knowledge.org/resource/Łokieć,_Bieszczady_County"
http://yago-knowledge.org/resource/Kaźmierowo
"http://yago-knowledge.org/resource/Podlesie,_Jarocin_County"
"http://yago-knowledge.org/resource/Górzno,_Masovian_Voivodeship"
http://yago-knowledge.org/resource/Mauryca
"http://yago-knowledge.org/resource/Lubiatowo,_West_Pomeranian_Voivodeship"
"http://yago-knowledge.org/resource/Bagno,_Lubusz_Voivodeship"
"http://yago-knowledge.org/resource/Prusinowice,_Masovian_Voivodeship"
"http://yago-knowledge.org/resource/Kozia_Góra,_Pomeranian_Voivodeship"
http://yago-knowledge.org/resource/Bychlew
"http://yago-knowledge.org/resource/Czarnia,_Gmina_Kadzidło"
http://yago-knowledge.org/resource/Zbyszek
"http://yago-knowledge.org/resource/Milice,_Opole_Voivodeship"
http://yago-knowledge.org/resource/Mościska_Małe
http://yago-knowledge.org/resource/Bertyny
http://yago-knowledge.org/resource/Pyzówka
"http://yago-knowledge.org/resource/Skoszewo,_West_Pomeranian_Voivodeship"
http://yago-knowledge.org/resource/Martew
http://yago-knowledge.org/resource/Jerzyska
"http://yago-knowledge.org/resource/Pągowiec,_Świętokrzyskie_Voivodeship"
http://yago-knowledge.org/resource/Trémargat
http://yago-knowledge.org/resource/Val-de-Lambronne
http://yago-knowledge.org/resource/Hôtel_Maurel_de_Pontevès
"http://yago-knowledge.org/resource/Bitry,_Nièvre"
http://yago-knowledge.org/resource/Cirières
http://yago-knowledge.org/resource/Colle_delle_Selle_Vecchie
http://yago-knowledge.org/resource/Montaron
http://yago-knowledge.org/resource/Saint-Thégonnec_Parish_close
http://yago-knowledge.org/resource/Saint-Bonnet-de-Chavagne
http://yago-knowledge.org/resource/Planrupt
http://yago-knowledge.org/resource/Hôpital-Général_de_Douai
http://yago-knowledge.org/resource/Bize-Minervois
http://yago-knowledge.org/resource/Andonville
http://yago-knowledge.org/resource/Saulnes
http://yago-knowledge.org/resource/Remiencourt
http://yago-knowledge.org/resource/Hautepierre-le-Châtelet
http://yago-knowledge.org/resource/Hôtel-Dieu_de_Lyon
"http://yago-knowledge.org/resource/Villeroy,_Seine-et-Marne"
http://yago-knowledge.org/resource/Framerville-Rainecourt
http://yago-knowledge.org/resource/Parc_Bagatelle
http://yago-knowledge.org/resource/Peyrus
http://yago-knowledge.org/resource/La_Salle-en-Beaumont
http://yago-knowledge.org/resource/Écleux
http://yago-knowledge.org/resource/Faye-d'Anjou
http://yago-knowledge.org/resource/Voussac
http://yago-knowledge.org/resource/Canton_of_Albertville-2
http://yago-knowledge.org/resource/Saint-Laurent-sur-Othain
http://yago-knowledge.org/resource/Gurs
"http://yago-knowledge.org/resource/Savennes,_Puy-de-Dôme"
http://yago-knowledge.org/resource/Carentoir
http://yago-knowledge.org/resource/Rillé
http://yago-knowledge.org/resource/Château_de_Cinq-Mars
http://yago-knowledge.org/resource/Canton_of_Auch-1
http://yago-knowledge.org/resource/Pic_d'Anie
http://yago-knowledge.org/resource/Saint-Laurent-d'Andenay
http://yago-knowledge.org/resource/Saint-Jean-sur-Veyle
http://yago-knowledge.org/resource/Saint-Denis-de-Palin
http://yago-knowledge.org/resource/Meilhaud
"http://yago-knowledge.org/resource/Mus,_Gard"
http://yago-knowledge.org/resource/Pornic
http://yago-knowledge.org/resource/Clonas-sur-Varèze
http://yago-knowledge.org/resource/Thoré
http://yago-knowledge.org/resource/Breuvannes-en-Bassigny
"http://yago-knowledge.org/resource/Fontenoy,_Yonne"
http://yago-knowledge.org/resource/Saint-Michel_de_Grandmont_Priory
http://yago-knowledge.org/resource/TER_Provence-Alpes-Côte-d'Azur
http://yago-knowledge.org/resource/Quérénaing
http://yago-knowledge.org/resource/Noyelles-en-Chaussée
http://yago-knowledge.org/resource/Marseille_History_Museum
http://yago-knowledge.org/resource/Appenans
http://yago-knowledge.org/resource/A5_autoroute
http://yago-knowledge.org/resource/Gare_d'Épernay
http://yago-knowledge.org/resource/Mayenne's_1st_constituency
http://yago-knowledge.org/resource/Malaville
http://yago-knowledge.org/resource/Vernot
http://yago-knowledge.org/resource/Rue_d'Argenteuil
http://yago-knowledge.org/resource/Communauté_de_communes_Portes_de_la_Creuse_en_Marche
http://yago-knowledge.org/resource/Beaucouzé
http://yago-knowledge.org/resource/Romegoux
"http://yago-knowledge.org/resource/Saint-Bernard,_Isère"
http://yago-knowledge.org/resource/Canton_of_Marseille_–_Saint-Just
"http://yago-knowledge.org/resource/Sarrazac,_Lot"
http://yago-knowledge.org/resource/Couzeix
http://yago-knowledge.org/resource/Sidhi
http://yago-knowledge.org/resource/Agahar
http://yago-knowledge.org/resource/Rakaskop
http://yago-knowledge.org/resource/Kondoor
http://yago-knowledge.org/resource/Sadalaga_(Rural)
http://yago-knowledge.org/resource/Mugaiyur_block
http://yago-knowledge.org/resource/Onda_(community_development_block)
http://yago-knowledge.org/resource/Dhamnagar
http://yago-knowledge.org/resource/Jagdispur
http://yago-knowledge.org/resource/Babalad
"http://yago-knowledge.org/resource/Shikarpur,_Bulandshahr"
http://yago-knowledge.org/resource/Kerala_Science_and_Technology_Museum
"http://yago-knowledge.org/resource/St._Francis_Xavier's_Cathedral,_Kottar"
http://yago-knowledge.org/resource/Tehatta_High_School
http://yago-knowledge.org/resource/Muthukrishnaperi
http://yago-knowledge.org/resource/Maharaja_Agrasen_Hospital_(New_Delhi)
http://yago-knowledge.org/resource/Thanneermukkom
http://yago-knowledge.org/resource/Kaikhali
http://yago-knowledge.org/resource/Kinanoor
"http://yago-knowledge.org/resource/Hittinahalli,_Bijapur"
http://yago-knowledge.org/resource/Gullapudi
http://yago-knowledge.org/resource/Guntakal–Vasco_da_Gama_section
"http://yago-knowledge.org/resource/Anantharam,_Shamirpet_mandal"
http://yago-knowledge.org/resource/Rishimala_River
http://yago-knowledge.org/resource/Bilari_Village
http://yago-knowledge.org/resource/Javagal
http://yago-knowledge.org/resource/Ennore
http://yago-knowledge.org/resource/Jivdhan
http://yago-knowledge.org/resource/Khodar_Bazar
http://yago-knowledge.org/resource/Nagayalanka
http://yago-knowledge.org/resource/Tulshighata
http://yago-knowledge.org/resource/Sathiya_Moorthy_Nagar
http://yago-knowledge.org/resource/National_Institute_of_Health_Education_&_Research
http://yago-knowledge.org/resource/Kodalamogaru
"http://yago-knowledge.org/resource/Sadikpur,_Murshidabad"
"http://yago-knowledge.org/resource/Seethanagaram,_East_Godavari_district"
http://yago-knowledge.org/resource/Desari
http://yago-knowledge.org/resource/Pauni
http://yago-knowledge.org/resource/Banas_River
http://yago-knowledge.org/resource/Kondalampatti
http://yago-knowledge.org/resource/Shyari_(Vidhan_Sabha_constituency)
http://yago-knowledge.org/resource/Baihar_(Vidhan_Sabha_constituency)
http://yago-knowledge.org/resource/Canadian_International_School_(Bangalore)
"http://yago-knowledge.org/resource/Donje,_Maharashtra"
http://yago-knowledge.org/resource/Khalapur_taluka
http://yago-knowledge.org/resource/Zingsui
http://yago-knowledge.org/resource/Mankhiyai
http://yago-knowledge.org/resource/Maharana_Pratap_Horticultural_University
http://yago-knowledge.org/resource/A.I.Bheemavaram
http://yago-knowledge.org/resource/Vadakkencherry
http://yago-knowledge.org/resource/War_Bonnet_Peak
http://yago-knowledge.org/resource/New_Brunswick_Route_117
http://yago-knowledge.org/resource/Jackson_Island_(Nunavut)
http://yago-knowledge.org/resource/Sanigut_Islands
http://yago-knowledge.org/resource/Kumlah_Island
http://yago-knowledge.org/resource/Alexander_Stewart_Provincial_Park
http://yago-knowledge.org/resource/Lockhart_River_(Northwest_Territories)
http://yago-knowledge.org/resource/Ontario_Highway_19
http://yago-knowledge.org/resource/Bruderheim
http://yago-knowledge.org/resource/Ojibway_Prairie_Complex
http://yago-knowledge.org/resource/Bull_Lake_(Bull_Creek)
"http://yago-knowledge.org/resource/Moulinette,_Ontario"
http://yago-knowledge.org/resource/McIntyre_Mines
http://yago-knowledge.org/resource/Lawrence_station_(Toronto)
http://yago-knowledge.org/resource/Nahatlatch_River
http://yago-knowledge.org/resource/Fred_Antoine_Provincial_Park
http://yago-knowledge.org/resource/Rostoul_River
"http://yago-knowledge.org/resource/Stewart_Greens,_Edmonton"
http://yago-knowledge.org/resource/Sun_Life_Centre
http://yago-knowledge.org/resource/Rural_Municipality_of_Stanley
http://yago-knowledge.org/resource/Almstrom_Creek_Formation
http://yago-knowledge.org/resource/Antigonish_Harbour
"http://yago-knowledge.org/resource/Craigellachie,_British_Columbia"
http://yago-knowledge.org/resource/Parkway_Park
http://yago-knowledge.org/resource/Martin_Lake_(Nova_Scotia)
"http://yago-knowledge.org/resource/Canora,_Edmonton"
http://yago-knowledge.org/resource/Port_Carling_Aerodrome
http://yago-knowledge.org/resource/Peter_Wall_Institute_for_Advanced_Studies
"http://yago-knowledge.org/resource/Waweig,_New_Brunswick"
"http://yago-knowledge.org/resource/L'Etang,_New_Brunswick"
http://yago-knowledge.org/resource/Devonshire_Community_Public_School
http://yago-knowledge.org/resource/Estevan_(South)_Airport
http://yago-knowledge.org/resource/Mount_Craig_(North_Carolina)
http://yago-knowledge.org/resource/London_Heritage_Farm
http://yago-knowledge.org/resource/Steel_Lake
http://yago-knowledge.org/resource/CIOG-FM
http://yago-knowledge.org/resource/Ragged_Mountain_(New_Hampshire)
http://yago-knowledge.org/resource/Shoal_Lake_39
"http://yago-knowledge.org/resource/Saint-Raphaël,_Quebec"
http://yago-knowledge.org/resource/CHME-FM
"http://yago-knowledge.org/resource/Bede,_Manitoba"
"http://yago-knowledge.org/resource/Clam_Point,_Nova_Scotia"
http://yago-knowledge.org/resource/Leven_station_(Manitoba)
http://yago-knowledge.org/resource/Edmonton%2FCooking_Lake_Airport
http://yago-knowledge.org/resource/Wallaceburg
http://yago-knowledge.org/resource/Lake_Mindemoya
http://yago-knowledge.org/resource/Rockwood_Institution
http://yago-knowledge.org/resource/Schloss_Türnich
http://yago-knowledge.org/resource/Herzberg_am_Harz
http://yago-knowledge.org/resource/Osterzell
http://yago-knowledge.org/resource/Dehnberger_Hoftheater
"http://yago-knowledge.org/resource/Mörel,_Germany"
http://yago-knowledge.org/resource/Plauen
http://yago-knowledge.org/resource/Wernigerode_Castle
http://yago-knowledge.org/resource/Ifo_Institute_for_Economic_Research
http://yago-knowledge.org/resource/Großer_Brombachsee
http://yago-knowledge.org/resource/Ruhr_(river)
http://yago-knowledge.org/resource/Konrad_mine
http://yago-knowledge.org/resource/Französisches_Komödienhaus
http://yago-knowledge.org/resource/Neef
http://yago-knowledge.org/resource/Ochsenälpeleskopf
http://yago-knowledge.org/resource/Lauingen
http://yago-knowledge.org/resource/Winkelstedt
http://yago-knowledge.org/resource/Grauer_Kopf_(Holzhausen)
http://yago-knowledge.org/resource/Aiterhofen
http://yago-knowledge.org/resource/Viernau
http://yago-knowledge.org/resource/European_Centre_for_Minority_Issues
http://yago-knowledge.org/resource/Zschonerbach
http://yago-knowledge.org/resource/Großenaspe
http://yago-knowledge.org/resource/Nauen
http://yago-knowledge.org/resource/Arpe_(Schmallenberg)
http://yago-knowledge.org/resource/Neustraße%2FNieuwstraat_(Herzogenrath%2FKerkrade)
http://yago-knowledge.org/resource/Charlottenburg
http://yago-knowledge.org/resource/Eschenbach_in_der_Oberpfalz
"http://yago-knowledge.org/resource/Neustadt,_Eichsfeld"
http://yago-knowledge.org/resource/Unterneukirchen
http://yago-knowledge.org/resource/Frickenhofer_Höhe
http://yago-knowledge.org/resource/Frankfurt_(Main)_Süd_station
http://yago-knowledge.org/resource/University_of_Erfurt
http://yago-knowledge.org/resource/Düren
http://yago-knowledge.org/resource/Gerwisch
"http://yago-knowledge.org/resource/Teulada,_Sardinia"
http://yago-knowledge.org/resource/Casal_Cermelli
"http://yago-knowledge.org/resource/Piazza_Vittorio_Veneto,_Turin"
http://yago-knowledge.org/resource/Monte_Tesoro
http://yago-knowledge.org/resource/Talamone_Lighthouse
"http://yago-knowledge.org/resource/Montecastello,_Pontedera"
http://yago-knowledge.org/resource/Albano_(river)
http://yago-knowledge.org/resource/Mazzarrone
http://yago-knowledge.org/resource/Santa_Rita_da_Cascia_alle_Vergini
http://yago-knowledge.org/resource/Mormanno
http://yago-knowledge.org/resource/Cusano_Milanino_railway_station
http://yago-knowledge.org/resource/Casteggio
"http://yago-knowledge.org/resource/Lana,_South_Tyrol"
http://yago-knowledge.org/resource/Terebinth_of_Nero
http://yago-knowledge.org/resource/Margreid_an_der_Weinstraße
"http://yago-knowledge.org/resource/Vada,_Rosignano_Marittimo"
http://yago-knowledge.org/resource/Massaua_(Turin_Metro)
http://yago-knowledge.org/resource/Corleone
http://yago-knowledge.org/resource/University_of_Salerno
http://yago-knowledge.org/resource/Mezzana_Bigli
http://yago-knowledge.org/resource/Rosciano
http://yago-knowledge.org/resource/Montagnareale
"http://yago-knowledge.org/resource/Montagne,_Trentino"
http://yago-knowledge.org/resource/Izusan_Jinja
http://yago-knowledge.org/resource/Minakuchi_Station
http://yago-knowledge.org/resource/Nukada_Station
http://yago-knowledge.org/resource/Higashi-Kokura_Freight_Terminal
http://yago-knowledge.org/resource/Shinano-Moriue_Station
"http://yago-knowledge.org/resource/Toyo_Ito_Museum_of_Architecture,_Imabari"
http://yago-knowledge.org/resource/Gojō_Station_(Kyoto)
http://yago-knowledge.org/resource/Kenchō-mae_Station_(Hiroshima)
http://yago-knowledge.org/resource/Kōriyama_Station_(Fukushima)
"http://yago-knowledge.org/resource/Tarui,_Gifu"
http://yago-knowledge.org/resource/Kobunato_Station
http://yago-knowledge.org/resource/Kurikoma-Kōgen_Station
http://yago-knowledge.org/resource/Mount_Akanagi
http://yago-knowledge.org/resource/Tsudayama_Station
http://yago-knowledge.org/resource/Shikoku_Mura
"http://yago-knowledge.org/resource/Sakai,_Ibaraki"
http://yago-knowledge.org/resource/Munakata_Taisha
"http://yago-knowledge.org/resource/Neribeichō,_Tokyo"
http://yago-knowledge.org/resource/Awa-Kominato_Station
http://yago-knowledge.org/resource/Shin-Takashima_Station
http://yago-knowledge.org/resource/Kawachi-Yamamoto_Station
http://yago-knowledge.org/resource/Hantun
http://yago-knowledge.org/resource/Jing'an_County
http://yago-knowledge.org/resource/Kunming_Museum
http://yago-knowledge.org/resource/Axu_Town
http://yago-knowledge.org/resource/Dehong_Mangshi_Airport
http://yago-knowledge.org/resource/China_National_Highway_338
http://yago-knowledge.org/resource/Joy_Hing's_Roasted_Meat
http://yago-knowledge.org/resource/Songjiang_Sports_Center_station
http://yago-knowledge.org/resource/G25_Changchun–Shenzhen_Expressway
http://yago-knowledge.org/resource/Jiangxi_Subdistrict
http://yago-knowledge.org/resource/Xinxiang
http://yago-knowledge.org/resource/Qapugtang
"http://yago-knowledge.org/resource/Wu_River_(Yuan_River,_north)"
"http://yago-knowledge.org/resource/Beijing_Subdistrict,_Dalian"
http://yago-knowledge.org/resource/Hung_Fuk_Estate
http://yago-knowledge.org/resource/Beilun_Gymnasium
http://yago-knowledge.org/resource/Zhengzhou_University_of_Light_Industry
http://yago-knowledge.org/resource/Wangjing_Subdistrict
http://yago-knowledge.org/resource/Tong_Shui_Road
http://yago-knowledge.org/resource/Herrerías
http://yago-knowledge.org/resource/Igualada
http://yago-knowledge.org/resource/Tremp
http://yago-knowledge.org/resource/Manzaneque
http://yago-knowledge.org/resource/Autovía_A-339
http://yago-knowledge.org/resource/Vega_del_Guadalquivir
http://yago-knowledge.org/resource/Puebla_del_Príncipe
http://yago-knowledge.org/resource/Valdejalón
http://yago-knowledge.org/resource/Segura_de_León
http://yago-knowledge.org/resource/Sant_Antoni_de_Calonge
http://yago-knowledge.org/resource/Estadio_Baltasar_Pujales
http://yago-knowledge.org/resource/Hermitage_of_the_Solitude
http://yago-knowledge.org/resource/El_Hoyo_de_Pinares
http://yago-knowledge.org/resource/Pulgar
"http://yago-knowledge.org/resource/Planes,_Alicante"
http://yago-knowledge.org/resource/Cerro_de_los_Ángeles
http://yago-knowledge.org/resource/Castellví_de_la_Marca
http://yago-knowledge.org/resource/Province_of_Almería
http://yago-knowledge.org/resource/Pitinga_mine
http://yago-knowledge.org/resource/Estádio_Bento_de_Abreu
http://yago-knowledge.org/resource/Coronel_Barros
http://yago-knowledge.org/resource/Hípica
http://yago-knowledge.org/resource/Marilac
http://yago-knowledge.org/resource/BR-290
http://yago-knowledge.org/resource/São_Francisco_do_Maranhão
http://yago-knowledge.org/resource/Azul_River_(Piquiri_River)
http://yago-knowledge.org/resource/Serra_Negra_Biological_Reserve
http://yago-knowledge.org/resource/Tatuamunha_River
http://yago-knowledge.org/resource/Botucatu
http://yago-knowledge.org/resource/Parauapebas
http://yago-knowledge.org/resource/Caridade_do_Piauí
http://yago-knowledge.org/resource/Jelsnes
http://yago-knowledge.org/resource/Bohemanneset
http://yago-knowledge.org/resource/Leirbotn
http://yago-knowledge.org/resource/Homla
http://yago-knowledge.org/resource/Tyholt_Tunnel
http://yago-knowledge.org/resource/Bolle_Bay
http://yago-knowledge.org/resource/Harran_Station
http://yago-knowledge.org/resource/Åkersvika
http://yago-knowledge.org/resource/Kyrkjebø_(village)
http://yago-knowledge.org/resource/Haltdalen_Church
"http://yago-knowledge.org/resource/Kunes,_Finnmark"
http://yago-knowledge.org/resource/Lørenskog_Storsenter
http://yago-knowledge.org/resource/Palace_of_Nations
http://yago-knowledge.org/resource/Benken_railway_station
http://yago-knowledge.org/resource/Eulachhalle
http://yago-knowledge.org/resource/Aranno
http://yago-knowledge.org/resource/Tannensee
http://yago-knowledge.org/resource/Kleindietwil
"http://yago-knowledge.org/resource/Bürglen,_Thurgau"
"http://yago-knowledge.org/resource/Eich,_Switzerland"
http://yago-knowledge.org/resource/Torny
http://yago-knowledge.org/resource/Vugelles-La_Mothe
http://yago-knowledge.org/resource/Griffins'_tower
http://yago-knowledge.org/resource/Gruzino_estate
http://yago-knowledge.org/resource/Konakovsky_District
"http://yago-knowledge.org/resource/Tsentralny_City_District,_Novosibirsk"
http://yago-knowledge.org/resource/Novokhokhlovskaya_(Moscow_Central_Circle)
"http://yago-knowledge.org/resource/Baltiysky_District,_Kaliningrad_Oblast"
http://yago-knowledge.org/resource/Kaltasinsky_District
http://yago-knowledge.org/resource/Ochchuguy_Botuobuya
http://yago-knowledge.org/resource/Nizhneudinsky_District
http://yago-knowledge.org/resource/Alnaryd
http://yago-knowledge.org/resource/Gunnarskog
http://yago-knowledge.org/resource/Trinity_Church_(Karlskrona)
http://yago-knowledge.org/resource/Saxtorpsskogen
http://yago-knowledge.org/resource/Sörmland_Museum
http://yago-knowledge.org/resource/Forsmark
http://yago-knowledge.org/resource/Holmsjö
http://yago-knowledge.org/resource/Hedemora
http://yago-knowledge.org/resource/Westerpark_(former_borough)
http://yago-knowledge.org/resource/KNSM_Island
http://yago-knowledge.org/resource/Montferland
http://yago-knowledge.org/resource/Saba
http://yago-knowledge.org/resource/Susteren_Abbey
http://yago-knowledge.org/resource/Amsterdam–Zutphen_railway
http://yago-knowledge.org/resource/Oisterwijk
http://yago-knowledge.org/resource/Kapelle
"http://yago-knowledge.org/resource/Camargo_Municipality,_Chihuahua"
http://yago-knowledge.org/resource/XHTLAX-FM
http://yago-knowledge.org/resource/La_Huasteca_(climbing_area)
http://yago-knowledge.org/resource/Isla_de_Cedros_Airport
http://yago-knowledge.org/resource/Santiago_Yosondúa
http://yago-knowledge.org/resource/XHXO-FM
http://yago-knowledge.org/resource/XHENR-FM
http://yago-knowledge.org/resource/Boldești-Scăeni_oil_field
http://yago-knowledge.org/resource/Jibou
http://yago-knowledge.org/resource/Harghita_County
http://yago-knowledge.org/resource/Oboga
"http://yago-knowledge.org/resource/Buciumi,_Sălaj"
http://yago-knowledge.org/resource/Ianca
http://yago-knowledge.org/resource/Afon_Tryweryn
http://yago-knowledge.org/resource/Llangywer
"http://yago-knowledge.org/resource/St_Mary's_Church,_Pembroke"
http://yago-knowledge.org/resource/Cold_Knap
http://yago-knowledge.org/resource/Penydarren_Park
http://yago-knowledge.org/resource/Machynys
http://yago-knowledge.org/resource/Alaşar
http://yago-knowledge.org/resource/Suluçeşmə
http://yago-knowledge.org/resource/Qozbabalı
http://yago-knowledge.org/resource/Durğan
"http://yago-knowledge.org/resource/İstisu,_Ismailli"
"http://yago-knowledge.org/resource/Baharlı,_Ağdam"
http://yago-knowledge.org/resource/Jenő_(village)
http://yago-knowledge.org/resource/Budapest_Ferenc_Liszt_International_Airport
http://yago-knowledge.org/resource/Himod
http://yago-knowledge.org/resource/Bicske
http://yago-knowledge.org/resource/Drávasztára
"http://yago-knowledge.org/resource/Troyanovo,_Burgas_Province"
http://yago-knowledge.org/resource/Furgovtsi
http://yago-knowledge.org/resource/Radancheto
"http://yago-knowledge.org/resource/Church_of_Christ_Pantocrator,_Nesebar"
http://yago-knowledge.org/resource/Padesh
http://yago-knowledge.org/resource/Humay_District
http://yago-knowledge.org/resource/Pirwa_Hirka
http://yago-knowledge.org/resource/Pachiza_District
"http://yago-knowledge.org/resource/Asunción_District,_Chachapoyas"
http://yago-knowledge.org/resource/Tisco_District
"http://yago-knowledge.org/resource/Vauxhall,_Auckland"
"http://yago-knowledge.org/resource/Village_Green,_Christchurch"
http://yago-knowledge.org/resource/Makino_River
http://yago-knowledge.org/resource/Artspace_NZ
http://yago-knowledge.org/resource/Kaitoke_railway_station
http://yago-knowledge.org/resource/Lučko
http://yago-knowledge.org/resource/Dubrava_Zabočka
http://yago-knowledge.org/resource/Bađinec
http://yago-knowledge.org/resource/Udbina
"http://yago-knowledge.org/resource/Vera,_Croatia"
http://yago-knowledge.org/resource/Asprovalta
http://yago-knowledge.org/resource/Agrapidokampos
http://yago-knowledge.org/resource/Historical_and_Folklore_Museum_of_Corinth
http://yago-knowledge.org/resource/Selinountas_(river)
http://yago-knowledge.org/resource/Carreira_e_Bente
http://yago-knowledge.org/resource/Cabreiros_e_Passos_(São_Julião)
http://yago-knowledge.org/resource/Fort_of_the_Maré
"http://yago-knowledge.org/resource/Cernache_do_Bonjardim,_Nesperal_e_Palhais"
http://yago-knowledge.org/resource/Chitralada_Royal_Villa
http://yago-knowledge.org/resource/Bacho_District
http://yago-knowledge.org/resource/Kumphawapi_District
http://yago-knowledge.org/resource/Wat_Sitaram
http://yago-knowledge.org/resource/Kršič
http://yago-knowledge.org/resource/Hrvatini
http://yago-knowledge.org/resource/St._James's_Church_(Koper)
"http://yago-knowledge.org/resource/Osredek,_Velike_Lašče"
http://yago-knowledge.org/resource/Khemis_El_Khechna_District
http://yago-knowledge.org/resource/Kadiria
http://yago-knowledge.org/resource/M'Rara
http://yago-knowledge.org/resource/Tizi_Rached_District
http://yago-knowledge.org/resource/Sheraton_Grand_Incheon_Hotel
http://yago-knowledge.org/resource/Hoejin-myeon
"http://yago-knowledge.org/resource/Namsan-dong,_Seoul"
"http://yago-knowledge.org/resource/Kalne,_Skole_Raion"
http://yago-knowledge.org/resource/Zachepylivka_Raion
http://yago-knowledge.org/resource/Sokal_Raion
http://yago-knowledge.org/resource/Kierma
http://yago-knowledge.org/resource/Loukoura
http://yago-knowledge.org/resource/Kouritenga_Province
http://yago-knowledge.org/resource/Chichinales
http://yago-knowledge.org/resource/General_La_Madrid_Partido
"http://yago-knowledge.org/resource/Los_Altos,_Catamarca"
http://yago-knowledge.org/resource/Märjandi
http://yago-knowledge.org/resource/Pammana
http://yago-knowledge.org/resource/Väo
http://yago-knowledge.org/resource/Taaiboschgroet
http://yago-knowledge.org/resource/Mpofana_Local_Municipality
http://yago-knowledge.org/resource/Mount_Ayliff
http://yago-knowledge.org/resource/Babuline
"http://yago-knowledge.org/resource/Barisha,_Harem_District"
"http://yago-knowledge.org/resource/Al-Qahirah,_Hama"
http://yago-knowledge.org/resource/Milakovići
http://yago-knowledge.org/resource/Stari_Han
http://yago-knowledge.org/resource/Radosinj
http://yago-knowledge.org/resource/Sóc_Trăng
http://yago-knowledge.org/resource/Mùn_Chung
"http://yago-knowledge.org/resource/Vụ_Bản,_Hòa_Bình"
http://yago-knowledge.org/resource/Medan_metropolitan_area
http://yago-knowledge.org/resource/Senggigi
http://yago-knowledge.org/resource/Cenderawasih_University
http://yago-knowledge.org/resource/Nuannuan_railway_station
http://yago-knowledge.org/resource/Hsingneng_Power_Plant
http://yago-knowledge.org/resource/Talzemt
http://yago-knowledge.org/resource/Sidi_Abdellah_Ou_Said
http://yago-knowledge.org/resource/Dilawarabad
http://yago-knowledge.org/resource/Eastern_Bengal_and_Assam
http://yago-knowledge.org/resource/Tiguipa_Airport
http://yago-knowledge.org/resource/Lawrani
http://yago-knowledge.org/resource/Elqui_River
http://yago-knowledge.org/resource/La_Playa_Airport
"http://yago-knowledge.org/resource/Olaya,_Antioquia"
"http://yago-knowledge.org/resource/Miraflores,_Guaviare"
http://yago-knowledge.org/resource/Karmrakar
http://yago-knowledge.org/resource/Aruch
http://yago-knowledge.org/resource/Kinabatangan_District
http://yago-knowledge.org/resource/Royal_College_of_Surgeons_in_Ireland_and_University_College_Dublin_Malaysia_Campus
"http://yago-knowledge.org/resource/Kusa,_Latvia"
http://yago-knowledge.org/resource/Pļavnieki
http://yago-knowledge.org/resource/Drygalski_Glacier_(Tanzania)
http://yago-knowledge.org/resource/Mwaru
http://yago-knowledge.org/resource/Akwa_Ibom_State
http://yago-knowledge.org/resource/Tambuwal
http://yago-knowledge.org/resource/Sharj_al-Az_Zu%60
"http://yago-knowledge.org/resource/Sanhan,_Yemen"
http://yago-knowledge.org/resource/Hugus
http://yago-knowledge.org/resource/Mulfra
http://yago-knowledge.org/resource/Allgjatë
http://yago-knowledge.org/resource/Mëlovë
"http://yago-knowledge.org/resource/Kassa,_Mali"
http://yago-knowledge.org/resource/Moratuwa
http://yago-knowledge.org/resource/Abergele_(woreda)
http://yago-knowledge.org/resource/Ga_East_Municipal_District
http://yago-knowledge.org/resource/Qalay-I-Zal_District
"http://yago-knowledge.org/resource/Buzova,_Kiev-Sviatoshyn_Raion"
http://yago-knowledge.org/resource/Upinniemi
http://yago-knowledge.org/resource/Barborlaukis
http://yago-knowledge.org/resource/Oclanda
"http://yago-knowledge.org/resource/Kocaoğlanlı,_Alanya"
http://yago-knowledge.org/resource/Kostanay_District
"http://yago-knowledge.org/resource/El_Tor,_Egypt"
http://yago-knowledge.org/resource/Kasserine_Governorate
http://yago-knowledge.org/resource/Vileysky_Uyezd
http://yago-knowledge.org/resource/Fahd_bin_Sultan_University
http://yago-knowledge.org/resource/Badjoudè
"http://yago-knowledge.org/resource/La_Cruz,_Florida"
"http://yago-knowledge.org/resource/Tovar_Municipality,_Aragua"
http://yago-knowledge.org/resource/Babungo_(village)
http://yago-knowledge.org/resource/Penzing_(Vienna)
http://yago-knowledge.org/resource/Bat_Trang_(khum_of_Cambodia)
"http://yago-knowledge.org/resource/Tomba,_Montenegro"
http://yago-knowledge.org/resource/Napier_MRT_station
http://yago-knowledge.org/resource/Enageti
http://yago-knowledge.org/resource/Klarenthal
http://yago-knowledge.org/resource/Loreta
http://yago-knowledge.org/resource/Madenat_Alelem_University_College
http://yago-knowledge.org/resource/Hautcharage
http://yago-knowledge.org/resource/El_Empalme_Canton
http://yago-knowledge.org/resource/Čobanija_Mosque
http://yago-knowledge.org/resource/Brighton_International_University
"http://yago-knowledge.org/resource/Erdene,_Govi-Altai"
http://yago-knowledge.org/resource/Kuhn_Island
"http://yago-knowledge.org/resource/Nowosady,_Bielsk_County"
http://yago-knowledge.org/resource/Cayo_Largo_del_Sur
http://yago-knowledge.org/resource/Nentón
http://yago-knowledge.org/resource/Pakistan_Institute_of_Nuclear_Science_and_Technology
"http://yago-knowledge.org/resource/Nombre_de_Dios,_Colón"
